TDSFU Daily run: Mon Jun 16 15:19:03 UTC 2025 TDSFU
TDSFU Daily run: Tue Jun 17 04:42:32 UTC 2025 TDSFU
TDSFU Daily run: Wed Jun 18 04:43:08 UTC 2025 TDSFU
TDSFU Daily run: Thu Jun 19 04:42:18 UTC 2025 TDSFU
TDSFU Daily run: Fri Jun 20 04:42:26 UTC 2025 TDSFU
TDSFU Daily run: Sat Jun 21 04:38:22 UTC 2025 TDSFU
TDSFU Daily run: Sun Jun 22 04:43:35 UTC 2025 TDSFU
TDSFU Daily run: Mon Jun 23 04:47:44 UTC 2025 TDSFU
TDSFU Daily run: Tue Jun 24 04:43:43 UTC 2025 TDSFU
TDSFU Daily run: Wed Jun 25 04:43:51 UTC 2025 TDSFU
TDSFU Daily run: Thu Jun 26 04:43:35 UTC 2025 TDSFU
TDSFU Daily run: Fri Jun 27 04:42:56 UTC 2025 TDSFU
